{"count":1,"gauges":{},"self":295.5930112,"total":350.908645,"children":{"AgentResetIfDone":{"count":17506,"self":0.822726,"total":0.822726,"children":null},"AgentSendState":{"count":17506,"self":4.10448,"total":52.911030999999994,"children":{"CollectObservations":{"count":17506,"self":0.49720699999999995,"total":0.49720699999999995,"children":null},"CameraSensor.GetCompressedObservation":{"count":17506,"self":48.309343999999996,"total":48.309343999999996,"children":null}}},"DecideAction":{"count":17506,"self":0.579317,"total":0.579317,"children":null},"AcademyStep":{"count":17506,"self":0.48040499999999997,"total":0.48040499999999997,"children":null},"AgentAct":{"count":17506,"self":0.52098,"total":0.52098,"children":null}}}