{"count":1,"gauges":{},"self":0.987742,"total":1.0023039999999999,"children":{"AgentResetIfDone":{"count":18,"self":0.00084899999999999993,"total":0.00084899999999999993,"children":null},"AgentSendState":{"count":18,"self":0.011972,"total":0.012544,"children":{"CollectObservations":{"count":18,"self":0.000572,"total":0.000572,"children":null}}}}}