{"count":1,"gauges":{},"self":1.203077,"total":3.201444,"children":{"AgentResetIfDone":{"count":52,"self":0.002718,"total":0.002718,"children":null},"AgentSendState":{"count":52,"self":0.035094,"total":0.28862699999999997,"children":{"CollectObservations":{"count":104,"self":0.016023,"total":0.016023,"children":null},"CameraSensor.GetCompressedObservation":{"count":104,"self":0.23751,"total":0.23751,"children":null}}},"DecideAction":{"count":52,"self":1.6156009999999998,"total":1.701836,"children":{"CameraSensor.WriteToTensor":{"count":52,"self":0.086234999999999992,"total":0.086234999999999992,"children":null}}},"AcademyStep":{"count":52,"self":0.0012779999999999998,"total":0.0012779999999999998,"children":null},"AgentAct":{"count":52,"self":0.0020529999999999997,"total":0.0020529999999999997,"children":null}}}