{"count":1,"gauges":{},"self":14.8589264,"total":17.250806,"children":{"AgentResetIfDone":{"count":830,"self":0.035079,"total":0.035079,"children":null},"AgentSendState":{"count":830,"self":0.231644,"total":2.282016,"children":{"CollectObservations":{"count":1660,"self":0.182504,"total":0.182504,"children":null},"CameraSensor.GetCompressedObservation":{"count":830,"self":1.8678679999999999,"total":1.8678679999999999,"children":null}}},"DecideAction":{"count":830,"self":0.025944,"total":0.025944,"children":null},"AcademyStep":{"count":830,"self":0.022154999999999998,"total":0.022154999999999998,"children":null},"AgentAct":{"count":830,"self":0.025605,"total":0.025605,"children":null}}}