{"count":1,"gauges":{},"self":251.6263936,"total":35552.431318999996,"children":{"AgentResetIfDone":{"count":500017,"self":2.1184659999999997,"total":2.1184659999999997,"children":null},"AgentSendState":{"count":500017,"self":17.0230384,"total":29.052937999999997,"children":{"CollectObservations":{"count":4500153,"self":12.0299,"total":12.0299,"children":null}}},"DecideAction":{"count":500017,"self":28355.998515199997,"total":35265.947798,"children":{"AgentInfo.ToProto":{"count":500017,"self":68.852672,"total":6909.949962,"children":{"CameraSensor.GetCompressedObservation":{"count":4500153,"self":6841.0974208,"total":6841.097288,"children":null}}}}},"AcademyStep":{"count":500017,"self":1.438266,"total":1.438266,"children":null},"AgentAct":{"count":500017,"self":2.245713,"total":2.245713,"children":null}}}