{"count":1,"gauges":{},"self":35.8527936,"total":52.873781,"children":{"AgentResetIfDone":{"count":2613,"self":0.151309,"total":0.151309,"children":null},"AgentSendState":{"count":2613,"self":1.344744,"total":16.598254,"children":{"CollectObservations":{"count":5226,"self":0.79113099999999992,"total":0.79113099999999992,"children":null},"CameraSensor.GetCompressedObservation":{"count":5226,"self":14.462379199999999,"total":14.462378999999999,"children":null}}},"DecideAction":{"count":2613,"self":0.098823,"total":0.098823,"children":null},"AcademyStep":{"count":2613,"self":0.07982199999999999,"total":0.07982199999999999,"children":null},"AgentAct":{"count":2613,"self":0.091144,"total":0.091144,"children":null}}}