{"count":1,"gauges":{},"self":75.9740288,"total":10512.713889999999,"children":{"AgentResetIfDone":{"count":100367,"self":0.692437,"total":0.692437,"children":null},"AgentSendState":{"count":100367,"self":5.301982,"total":9.100204999999999,"children":{"CollectObservations":{"count":903303,"self":3.7982232,"total":3.7982229999999997,"children":null}}},"DecideAction":{"count":100367,"self":8946.6781696,"total":10425.855935,"children":{"AgentInfo.ToProto":{"count":100367,"self":25.0832816,"total":1479.178036,"children":{"CameraSensor.GetCompressedObservation":{"count":903303,"self":1454.0947456,"total":1454.094754,"children":null}}}}},"AcademyStep":{"count":100367,"self":0.439023,"total":0.439023,"children":null},"AgentAct":{"count":100367,"self":0.64869999999999994,"total":0.64869999999999994,"children":null}}}