{"count":1,"gauges":{},"self":1.992737,"total":21.502477,"children":{"AgentResetIfDone":{"count":718,"self":0.014450999999999999,"total":0.014450999999999999,"children":null},"AgentSendState":{"count":718,"self":0.050642,"total":0.156545,"children":{"CollectObservations":{"count":1436,"self":0.105903,"total":0.105903,"children":null}}},"DecideAction":{"count":718,"self":17.655286399999998,"total":19.072247,"children":{"CameraSensor.WriteToTensor":{"count":1436,"self":1.416961,"total":1.416961,"children":null}}},"AcademyStep":{"count":718,"self":0.011345,"total":0.011345,"children":null},"AgentAct":{"count":718,"self":0.254218,"total":0.254218,"children":null}}}