{"count":1,"gauges":{},"self":23.8554688,"total":321.371273,"children":{"AgentResetIfDone":{"count":5435,"self":0.11003399999999999,"total":0.11003399999999999,"children":null},"AgentSendState":{"count":5435,"self":0.4002,"total":1.147256,"children":{"CollectObservations":{"count":10870,"self":0.74705599999999994,"total":0.74705599999999994,"children":null}}},"DecideAction":{"count":5435,"self":272.7442688,"total":296.07872399999997,"children":{"CameraSensor.WriteToTensor":{"count":10870,"self":23.334446399999997,"total":23.334446999999997,"children":null}}},"AcademyStep":{"count":5435,"self":0.082557999999999993,"total":0.082557999999999993,"children":null},"AgentAct":{"count":5435,"self":0.096361,"total":0.096361,"children":null}}}