{"count":1,"gauges":{},"self":2.179837,"total":88.881334999999993,"children":{"AgentResetIfDone":{"count":2134,"self":0.012164,"total":0.012164,"children":null},"AgentSendState":{"count":2134,"self":0.02375,"total":0.031673,"children":{"CollectObservations":{"count":2134,"self":0.007923,"total":0.007923,"children":null}}},"DecideAction":{"count":2134,"self":82.4867264,"total":86.637164,"children":{"AgentInfo.ToProto":{"count":2134,"self":0.061076,"total":4.15044,"children":{"CameraSensor.GetCompressedObservation":{"count":2134,"self":4.089364,"total":4.089364,"children":null}}}}},"AcademyStep":{"count":2134,"self":0.008046,"total":0.008046,"children":null},"AgentAct":{"count":2134,"self":0.010296999999999999,"total":0.010296999999999999,"children":null}}}