{
  "name": "root",
  "gauges": [
    {
      "name": "hiderv.mean_reward",
      "value": 0.27031885040923953,
      "min": -0.3979305612987706,
      "max": 2.5000000454019755,
      "count": 53
    },
    {
      "name": "seekerv.mean_reward",
      "value": -0.27031885040923953,
      "min": -2.5000000454019755,
      "max": 0.3979305612987706,
      "count": 53
    }
  ],
  "total": 2226.316221825,
  "count": 1,
  "self": 63.05610594274185,
  "children": [
    {
      "name": "demo_to_buffer",
      "total": 16.170185098995717,
      "count": 4,
      "self": 0.01222137699733139,
      "children": [
        {
          "name": "load_demonstration",
          "total": 0.28602196199426544,
          "count": 4,
          "self": 0.08866712899180129,
          "children": [
            {
              "name": "read_file",
              "total": 0.19735483300246415,
              "count": 4,
              "self": 0.19735483300246415
            }
          ]
        },
        {
          "name": "make_demo_buffer",
          "total": 15.87194176000412,
          "count": 4,
          "self": 0.9904158080498746,
          "children": [
            {
              "name": "BrainInfo.from_agent_proto",
              "total": 14.881525951954245,
              "count": 30488,
              "self": 1.8508579650369938,
              "children": [
                {
                  "name": "BrainInfo.process_pixels",
                  "total": 13.030667986917251,
                  "count": 30488,
                  "self": 5.1187607371284685,
                  "children": [
                    {
                      "name": "image_decompress",
                      "total": 7.911907249788783,
                      "count": 30488,
                      "self": 7.911907249788783
                    }
                  ]
                }
              ]
            }
          ]
        }
      ]
    },
    {
      "name": "TrainerController.advance",
      "total": 2147.0899307832624,
      "count": 106421,
      "self": 137.19914667771081,
      "children": [
        {
          "name": "env_step",
          "total": 956.6412217015459,
          "count": 106421,
          "self": 654.4643154429323,
          "children": [
            {
              "name": "SubprocessEnvManager._take_step",
              "total": 300.62820789725083,
              "count": 106421,
              "self": 4.367536061763531,
              "children": [
                {
                  "name": "PPOPolicy.evaluate",
                  "total": 296.2606718354873,
                  "count": 212842,
                  "self": 296.2606718354873
                }
              ]
            },
            {
              "name": "workers",
              "total": 1.5486983613627672,
              "count": 106421,
              "self": 0.0,
              "children": [
                {
                  "name": "worker_root",
                  "total": 2216.4427645745527,
                  "count": 106421,
                  "is_parallel": true,
                  "self": 1634.7990216028047,
                  "children": [
                    {
                      "name": "batched_step_result_from_proto",
                      "total": 0.02593657100078417,
                      "count": 2,
                      "is_parallel": true,
                      "self": 0.00017514600040158257,
                      "children": [
                        {
                          "name": "_process_visual_observation",
                          "total": 0.025628729996242328,
                          "count": 2,
                          "is_parallel": true,
                          "self": 6.304400085355155e-05,
                          "children": [
                            {
                              "name": "process_pixels",
                              "total": 0.025565685995388776,
                              "count": 2,
                              "is_parallel": true,
                              "self": 0.000639911992038833,
                              "children": [
                                {
                                  "name": "image_decompress",
                                  "total": 0.024925774003349943,
                                  "count": 2,
                                  "is_parallel": true,
                                  "self": 0.024925774003349943
                                }
                              ]
                            }
                          ]
                        },
                        {
                          "name": "_process_vector_observation",
                          "total": 0.0001326950041402597,
                          "count": 2,
                          "is_parallel": true,
                          "self": 0.0001326950041402597
                        }
                      ]
                    },
                    {
                      "name": "UnityEnvironment.step",
                      "total": 581.6178064007472,
                      "count": 106421,
                      "is_parallel": true,
                      "self": 10.634493535948423,
                      "children": [
                        {
                          "name": "UnityEnvironment._generate_step_input",
                          "total": 8.502332934142032,
                          "count": 106421,
                          "is_parallel": true,
                          "self": 8.502332934142032
                        },
                        {
                          "name": "communicator.exchange",
                          "total": 416.0801209667734,
                          "count": 106421,
                          "is_parallel": true,
                          "self": 416.0801209667734
                        },
                        {
                          "name": "batched_step_result_from_proto",
                          "total": 146.40085896388337,
                          "count": 212842,
                          "is_parallel": true,
                          "self": 11.230810578086675,
                          "children": [
                            {
                              "name": "_process_visual_observation",
                              "total": 123.2213236766911,
                              "count": 212842,
                              "is_parallel": true,
                              "self": 5.693470835096377,
                              "children": [
                                {
                                  "name": "process_pixels",
                                  "total": 117.52785284159472,
                                  "count": 212842,
                                  "is_parallel": true,
                                  "self": 46.08459311055776,
                                  "children": [
                                    {
                                      "name": "image_decompress",
                                      "total": 71.44325973103696,
                                      "count": 212842,
                                      "is_parallel": true,
                                      "self": 71.44325973103696
                                    }
                                  ]
                                }
                              ]
                            },
                            {
                              "name": "_process_vector_observation",
                              "total": 11.94872470910559,
                              "count": 212842,
                              "is_parallel": true,