{
  "name": "root",
  "total": 27.013840311999957,
  "count": 1,
  "self": 8.005180906999158,
  "children": [
    {
      "name": "demo_to_buffer",
      "total": 19.0086594050008,
      "count": 1,
      "self": 3.767800080822781e-05,
      "children": [
        {
          "name": "load_demonstration",
          "total": 0.1771723870006099,
          "count": 1,
          "self": 0.14131952300158446,
          "children": [
            {
              "name": "read_file",
              "total": 0.03585286399902543,
              "count": 1,
              "self": 0.03585286399902543
            }
          ]
        },
        {
          "name": "make_demo_buffer",
          "total": 18.83144933999938,
          "count": 1,
          "self": 1.2326001569563232,
          "children": [
            {
              "name": "BrainInfo.from_agent_proto",
              "total": 17.598849183043058,
              "count": 32026,
              "self": 2.1382738280299236,
              "children": [
                {
                  "name": "BrainInfo.process_pixels",
                  "total": 15.460575355013134,
                  "count": 32026,
                  "self": 6.18085290486124,
                  "children": [
                    {
                      "name": "image_decompress",
                      "total": 9.279722450151894,
                      "count": 32026,
                      "self": 9.279722450151894
                    }
                  ]
                }
              ]
            }
          ]
        }
      ]
    }
  ]
}