{
  "name": "root",
  "total": 0.19837208600074518,
  "count": 1,
  "self": 0.19837208600074518
}