{
  "name": "root",
  "gauges": [
    {
      "name": "hiderv.mean_reward",
      "value": 6.000000211643055,
      "min": 6.000000211643055,
      "max": 6.000000211643055,
      "count": 6
    },
    {
      "name": "seekerv.mean_reward",
      "value": -6.000000211643055,
      "min": -6.000000211643055,
      "max": -6.000000211643055,
      "count": 6
    }
  ],
  "total": 307.36086789100045,
  "count": 1,
  "self": 32.17772426908323,
  "children": [
    {
      "name": "demo_to_buffer",
      "total": 27.225983289998112,
      "count": 4,
      "self": 0.024375985996812233,
      "children": [
        {
          "name": "load_demonstration",
          "total": 0.23138109800129314,
          "count": 4,
          "self": 0.17755111800124723,
          "children": [
            {
              "name": "read_file",
              "total": 0.05382998000004591,
              "count": 4,
              "self": 0.05382998000004591
            }
          ]
        },
        {
          "name": "make_demo_buffer",
          "total": 26.970226206000007,
          "count": 4,
          "self": 2.732326793136963,
          "children": [
            {
              "name": "BrainInfo.from_agent_proto",
              "total": 24.237899412863044,
              "count": 60220,
              "self": 3.7131127989478045,
              "children": [
                {
                  "name": "BrainInfo.process_pixels",
                  "total": 20.52478661391524,
                  "count": 60220,
                  "self": 3.984189066007275,
                  "children": [
                    {
                      "name": "image_decompress",
                      "total": 16.540597547907964,
                      "count": 60220,
                      "self": 16.540597547907964
                    }
                  ]
                }
              ]
            }
          ]
        }
      ]
    },
    {
      "name": "TrainerController.advance",
      "total": 247.9571603319191,
      "count": 20000,
      "self": 32.32371909993253,
      "children": [
        {
          "name": "env_step",
          "total": 215.63344123198658,
          "count": 20000,
          "self": 144.81342694400064,
          "children": [
            {
              "name": "SubprocessEnvManager._take_step",
              "total": 70.50146632703127,
              "count": 20000,
              "self": 0.9544322200508759,
              "children": [
                {
                  "name": "PPOPolicy.evaluate",
                  "total": 69.54703410698039,
                  "count": 40000,
                  "self": 69.54703410698039
                }
              ]
            },
            {
              "name": "workers",
              "total": 0.31854796095467464,
              "count": 20000,
              "self": 0.0,
              "children": [
                {
                  "name": "worker_root",
                  "total": 293.06953524899745,
                  "count": 20000,
                  "is_parallel": true,
                  "self": 168.07158694003374,
                  "children": [
                    {
                      "name": "batched_step_result_from_proto",
                      "total": 0.022194543999830785,
                      "count": 2,
                      "is_parallel": true,
                      "self": 0.00018336399989493657,
                      "children": [
                        {
                          "name": "_process_visual_observation",
                          "total": 0.02180203299940331,
                          "count": 2,
                          "is_parallel": true,
                          "self": 8.183899899449898e-05,
                          "children": [
                            {
                              "name": "process_pixels",
                              "total": 0.02172019400040881,
                              "count": 2,
                              "is_parallel": true,
                              "self": 0.00038470199979201425,
                              "children": [
                                {
                                  "name": "image_decompress",
                                  "total": 0.021335492000616796,
                                  "count": 2,
                                  "is_parallel": true,
                                  "self": 0.021335492000616796
                                }
                              ]
                            }
                          ]
                        },
                        {
                          "name": "_process_vector_observation",
                          "total": 0.0002091470005325391,
                          "count": 2,
                          "is_parallel": true,
                          "self": 0.0002091470005325391
                        }
                      ]
                    },
                    {
                      "name": "UnityEnvironment.step",
                      "total": 124.97575376496388,
                      "count": 20000,
                      "is_parallel": true,
                      "self": 2.198393823994593,
                      "children": [
                        {
                          "name": "UnityEnvironment._generate_step_input",
                          "total": 1.8211433939741255,
                          "count": 20000,
                          "is_parallel": true,
                          "self": 1.8211433939741255
                        },
                        {
                          "name": "communicator.exchange",
                          "total": 94.9120270719186,
                          "count": 20000,
                          "is_parallel": true,
                          "self": 94.9120270719186
                        },
                        {
                          "name": "batched_step_result_from_proto",
                          "total": 26.044189475076564,
                          "count": 40000,
                          "is_parallel": true,
                          "self": 2.337384700943403,
                          "children": [
                            {
                              "name": "_process_visual_observation",
                              "total": 20.923369055125477,
                              "count": 40000,
                              "is_parallel": true,
                              "self": 1.450483872091354,
                              "children": [
                                {
                                  "name": "process_pixels",
                                  "total": 19.472885183034123,
                                  "count": 40000,
                                  "is_parallel": true,
                                  "self": 3.7265582079953674,
                                  "children": [
                                    {
                                      "name": "image_decompress",
                                      "total": 15.746326975038755,
                                      "count": 40000,
                                      "is_parallel": true,
                                      "self": 15.746326975038755
                                    }
                                  ]
                                }
                              ]
                            },
                            {
                              "name": "_process_vector_observation",
                              "total": 2.7834357190076844,
                              "count": 40000,
                              "is_parallel": true,