{
  "name": "root",
  "total": 0.28371110199987015,
  "count": 1,
  "self": 0.28371110199987015
}