{
  "name": "root",
  "total": 0.8005514799988305,
  "count": 1,
  "self": 0.8005514799988305
}