{
  "name": "root",
  "total": 0.27355986699967616,
  "count": 1,
  "self": 0.27355986699967616
}