{
  "name": "root",
  "total": 54.263921988997026,
  "count": 1,
  "self": 25.728491151006892,
  "children": [
    {
      "name": "demo_to_buffer",
      "total": 28.331303081999067,
      "count": 4,
      "self": 0.02443992899497971,
      "children": [
        {
          "name": "load_demonstration",
          "total": 0.2602808380033821,
          "count": 4,
          "self": 0.2001855309936218,
          "children": [
            {
              "name": "read_file",
              "total": 0.06009530700976029,
              "count": 4,
              "self": 0.06009530700976029
            }
          ]
        },
        {
          "name": "make_demo_buffer",
          "total": 28.046582315000705,
          "count": 4,
          "self": 2.7609213505493244,
          "children": [
            {
              "name": "BrainInfo.from_agent_proto",
              "total": 25.28566096445138,
              "count": 60220,
              "self": 3.8417608954478055,
              "children": [
                {
                  "name": "BrainInfo.process_pixels",
                  "total": 21.443900069003575,
                  "count": 60220,
                  "self": 4.167362185151433,
                  "children": [
                    {
                      "name": "image_decompress",
                      "total": 17.276537883852143,
                      "count": 60220,
                      "self": 17.276537883852143
                    }
                  ]
                }
              ]
            }
          ]
        }
      ]
    },
    {
      "name": "TrainerController.advance",
      "total": 0.2041277559910668,
      "count": 1,
      "self": 0.00017629799549467862,
      "children": [
        {
          "name": "env_step",
          "total": 0.20395145799557213,
          "count": 1,
          "self": 0.019692129993927665,
          "children": [
            {
              "name": "SubprocessEnvManager._take_step",
              "total": 0.18424057798983995,
              "count": 1,
              "self": 8.398198406212032e-05,
              "children": [
                {
                  "name": "PPOPolicy.evaluate",
                  "total": 0.18415659600577783,
                  "count": 2,
                  "self": 0.18415659600577783
                }
              ]
            },
            {
              "name": "workers",
              "total": 1.8750011804513633e-05,
              "count": 1,
              "self": 0.0,
              "children": [
                {
                  "name": "worker_root",
                  "total": 46.729163427997264,
                  "count": 1,
                  "is_parallel": true,
                  "self": 46.68667280698719,
                  "children": [
                    {
                      "name": "batched_step_result_from_proto",
                      "total": 0.02407869099988602,
                      "count": 2,
                      "is_parallel": true,
                      "self": 0.00019358799909241498,
                      "children": [
                        {
                          "name": "_process_visual_observation",
                          "total": 0.0236628780112369,
                          "count": 2,
                          "is_parallel": true,
                          "self": 7.784899207763374e-05,
                          "children": [
                            {
                              "name": "process_pixels",
                              "total": 0.023585029019159265,
                              "count": 2,
                              "is_parallel": true,
                              "self": 0.00035868702980224043,
                              "children": [
                                {
                                  "name": "image_decompress",
                                  "total": 0.023226341989357024,
                                  "count": 2,
                                  "is_parallel": true,
                                  "self": 0.023226341989357024
                                }
                              ]
                            }
                          ]
                        },
                        {
                          "name": "_process_vector_observation",
                          "total": 0.00022222498955670744,
                          "count": 2,
                          "is_parallel": true,
                          "self": 0.00022222498955670744
                        }
                      ]
                    },
                    {
                      "name": "UnityEnvironment.step",
                      "total": 0.01841193001018837,
                      "count": 1,
                      "is_parallel": true,
                      "self": 0.0001002670032903552,
                      "children": [
                        {
                          "name": "UnityEnvironment._generate_step_input",
                          "total": 0.00011071401240769774,
                          "count": 1,
                          "is_parallel": true,
                          "self": 0.00011071401240769774
                        },
                        {
                          "name": "communicator.exchange",
                          "total": 0.017099011995014735,
                          "count": 1,
                          "is_parallel": true,
                          "self": 0.017099011995014735
                        },
                        {
                          "name": "batched_step_result_from_proto",
                          "total": 0.0011019369994755834,
                          "count": 2,
                          "is_parallel": true,
                          "self": 9.780898108147085e-05,
                          "children": [
                            {
                              "name": "_process_visual_observation",
                              "total": 0.0008914370118873194,
                              "count": 2,
                              "is_parallel": true,
                              "self": 5.6648015743121505e-05,
                              "children": [
                                {
                                  "name": "process_pixels",
                                  "total": 0.0008347889961441979,
                                  "count": 2,
                                  "is_parallel": true,
                                  "self": 0.00015527399955317378,
                                  "children": [
                                    {
                                      "name": "image_decompress",
                                      "total": 0.0006795149965910241,
                                      "count": 2,
                                      "is_parallel": true,
                                      "self": 0.0006795149965910241
                                    }
                                  ]
                                }
                              ]
                            },
                            {
                              "name": "_process_vector_observation",
                              "total": 0.0001126910065067932,
                              "count": 2,
                              "is_parallel": true,
                              "self": 0.0001126910065067932
                            }
                          ]
                        }
                      ]
                    }
                  ]
                }
              ]
            }
          ]
        }
      ]
    }
  ]
}