{
  "name": "root",
  "total": 0.6519206959999906,
  "count": 1,
  "self": 0.6519206959999906
}