{
  "name": "root",
  "total": 0.21289092100050766,
  "count": 1,
  "self": 0.21289092100050766
}