{
  "name": "root",
  "total": 60.90466188999926,
  "count": 1,
  "self": 60.90466188999926
}